{
    "x": [
        0.013104838709677408,
        0.0967741935483871,
        0.30342741935483875,
        0.3860887096774194,
        0.7308467741935484,
        0.6693548387096774,
        0.7046370967741935,
        0.9032258064516129,
        0.9858870967741936
    ],
    "y": [
        0.030303030303030304,
        0.4334415584415585,
        0.33198051948051954,
        0.4956709956709957,
        0.3035714285714286,
        0.5944264069264069,
        0.9136904761904762,
        0.7729978354978355,
        0.9799783549783551
    ]
}