{
    "x": [
        0.06350806451612903,
        0.22076612903225803,
        0.4173387096774194,
        0.6330645161290323,
        0.36693548387096775,
        0.8004032258064516,
        0.9697580645161291,
        0.0967741935483871,
        0.5987903225806451
    ],
    "y": [
        0.14123376623376624,
        0.6079545454545455,
        0.2196969696969697,
        0.5863095238095238,
        0.906926406926407,
        0.33739177489177496,
        0.6525974025974026,
        0.6904761904761906,
        0.15611471861471862
    ]
}