{
    "x": [
        0.19183466511387978,
        0.5103830522106539
    ],
    "y": [
        0.874338604155041,
        0.2526454824619192
    ],
    "z": [
        0.15180286994347209,
        0.5027644084050105
    ]
}
