{
    "x": [
        0.08901208446871847,
        0.6333669231783959
    ],
    "y": [
        0.860119067802631,
        0.8700397027232659
    ],
    "z": [
        0.5,
        0.8368990237896261
    ]
}
